{
    "arr": [
        {
            "name": "北京市",
            "value": "35371.28"
        },
        {
            "name": "天津市",
            "value": "14104.28"
        },
        {
            "name": "河北省",
            "value": "35104.52"
        },
        {
            "name": "山西省",
            "value": "17026.68"
        },
        {
            "name": "内蒙古自治区",
            "value": "17212.53"
        },
        {
            "name": "辽宁省",
            "value": "24909.45"
        },
        {
            "name": "吉林省",
            "value": "11726.82"
        },
        {
            "name": "黑龙江省",
            "value": "13612.68"
        },
        {
            "name": "上海市",
            "value": "38155.32"
        },
        {
            "name": "江苏省",
            "value": "99631.52"
        },
        {
            "name": "浙江省",
            "value": "62351.74"
        },
        {
            "name": "安徽省",
            "value": "37113.98"
        },
        {
            "name": "福建省",
            "value": "42395"
        },
        {
            "name": "江西省",
            "value": "24757.5"
        },
        {
            "name": "山东省",
            "value": "71067.53"
        },
        {
            "name": "河南省",
            "value": "54259.2"
        },
        {
            "name": "湖北省",
            "value": "45828.31"
        },
        {
            "name": "湖南省",
            "value": "39752.12"
        },
        {
            "name": "广东省",
            "value": "107671.07"
        },
        {
            "name": "广西壮族自治区",
            "value": "21237.14"
        },
        {
            "name": "海南省",
            "value": "5308.93"
        },
        {
            "name": "重庆市",
            "value": "23605.77"
        },
        {
            "name": "四川省",
            "value": "46615.82"
        },
        {
            "name": "贵州省",
            "value": "16769.34"
        },
        {
            "name": "云南省",
            "value": "23223.75"
        },
        {
            "name": "西藏自治区",
            "value": "1697.82"
        },
        {
            "name": "陕西省",
            "value": "25793.17"
        },
        {
            "name": "甘肃省",
            "value": "8718.3"
        },
        {
            "name": "青海省",
            "value": "2965.95"
        },
        {
            "name": "宁夏回族自治区",
            "value": "3748.48"
        },
        {
            "name": "新疆维吾尔自治区",
            "value": "13597.11"
        },
        {
            "name": "台湾省",
            "value": "42100"
        },
        {
            "name": "香港特别行政区",
            "value": "25622"
        },
        {
            "name": "澳门特别行政区",
            "value": "3609"
        }
    ]
}