{
  "arr": [
    {
      "name": "郑州市",
      "value": 10143
    },
    {
      "name": "洛阳市",
      "value": 4640
    },
    {
      "name": "南阳市",
      "value": 3566
    },
    {
      "name": "许昌市",
      "value": 2830
    },
    {
      "name": "周口市",
      "value": 2687
    },
    {
      "name": "新乡市",
      "value": 2526
    },
    {
      "name": "焦作市",
      "value": 2371
    },
    {
      "name": "安阳市",
      "value": 2393
    },
    {
      "name": "信阳市",
      "value": 2387
    },
    {
      "name": "商丘市",
      "value": 2389
    },
    {
      "name": "驻马店市",
      "value": 2370
    },
    {
      "name": "平顶山市",
      "value": 2135
    },
    {
      "name": "开封市",
      "value": 2002
    },
    {
      "name": "濮阳市",
      "value": 1654
    },
    {
      "name": "三门峡市",
      "value": 1628
    },
    {
      "name": "漯河市",
      "value": 1236
    },
    {
      "name": "鹤壁市",
      "value": 861
    },
    {
      "name": "济源市",
      "value": 641
    }
  ]
}